id,url,title,dateIssued,pdfUrl,thumbUrl
6856,http://digitallibrary.amnh.org/handle/2246/6856?show=full,"Annual report, 2016 and Fiscal year 2016 scientific publications bibliography",2016,http://digitallibrary.amnh.org/bitstream/handle/2246/6856/R2016.pdf?sequence=1&isAllowed=y,http://digitallibrary.amnh.org/bitstream/handle/2246/6856/R2016.pdf.jpg?sequence=6&isAllowed=y
6844,http://digitallibrary.amnh.org/handle/2246/6844?show=full,"Annual report, 2015 and Fiscal year 2015 scientific publications bibliography",2015,http://digitallibrary.amnh.org/bitstream/handle/2246/6844/R2015.pdf?sequence=1&isAllowed=y,http://digitallibrary.amnh.org/bitstream/handle/2246/6844/R2015.pdf.jpg?sequence=6&isAllowed=y
6610,http://digitallibrary.amnh.org/handle/2246/6610?show=full,"Annual report, 2014 and Fiscal year 2014 scientific publications bibliography",2014,http://digitallibrary.amnh.org/bitstream/handle/2246/6610/AMNH_AR2014_FINAL.pdf?sequence=1&isAllowed=y,http://digitallibrary.amnh.org/bitstream/handle/2246/6610/AMNH_AR2014_FINAL.pdf.jpg?sequence=5&isAllowed=y
6609,http://digitallibrary.amnh.org/handle/2246/6609?show=full,"Annual report, 2012-2013 and Fiscal year 2012 and 2013 scientific publications bibliography",2013,http://digitallibrary.amnh.org/bitstream/handle/2246/6609/AMNH_ANNUAL%20REPORT_FY12-13.pdf?sequence=1&isAllowed=y,http://digitallibrary.amnh.org/bitstream/handle/2246/6609/AMNH_ANNUAL%20REPORT_FY12-13.pdf.jpg?sequence=5&isAllowed=y
6608,http://digitallibrary.amnh.org/handle/2246/6608?show=full,"Annual report, 1909.",1910-05-01,http://digitallibrary.amnh.org/bitstream/handle/2246/6608/R1909.pdf?sequence=1&isAllowed=y,http://digitallibrary.amnh.org/bitstream/handle/2246/6608/R1909.pdf.jpg?sequence=4&isAllowed=y
6546,http://digitallibrary.amnh.org/handle/2246/6546?show=full,"Annual report, 2012-2013, scientific publications bibliography.",2014-08-05,http://digitallibrary.amnh.org/bitstream/handle/2246/6546/FISCAL%20YEAR%202012%20and%202013%20Scientific%20Publications%20Feb7%20%281%29.pdf?sequence=1&isAllowed=y,http://digitallibrary.amnh.org/bitstream/handle/2246/6546/FISCAL%20YEAR%202012%20and%202013%20Scientific%20Publications%20Feb7%20%281%29.pdf.jpg?sequence=4&isAllowed=y
6308,http://digitallibrary.amnh.org/handle/2246/6308?show=full,"Annual report, 1993-1994.",1994,http://digitallibrary.amnh.org/bitstream/handle/2246/6308/R1993.pdf?sequence=1&isAllowed=y,http://digitallibrary.amnh.org/bitstream/handle/2246/6308/R1993.pdf.jpg?sequence=4&isAllowed=y
6307,http://digitallibrary.amnh.org/handle/2246/6307?show=full,"Annual report, 1992-1993.",1993,http://digitallibrary.amnh.org/bitstream/handle/2246/6307/R1992.pdf?sequence=1&isAllowed=y,http://digitallibrary.amnh.org/bitstream/handle/2246/6307/R1992.pdf.jpg?sequence=4&isAllowed=y
6306,http://digitallibrary.amnh.org/handle/2246/6306?show=full,"Annual report, 1991-1992.",1992,http://digitallibrary.amnh.org/bitstream/handle/2246/6306/R1991.pdf?sequence=1&isAllowed=y,http://digitallibrary.amnh.org/bitstream/handle/2246/6306/R1991.pdf.jpg?sequence=4&isAllowed=y
6305,http://digitallibrary.amnh.org/handle/2246/6305?show=full,"Annual report, 1990-1991.",1991,http://digitallibrary.amnh.org/bitstream/handle/2246/6305/R1990.pdf?sequence=1&isAllowed=y,http://digitallibrary.amnh.org/bitstream/handle/2246/6305/R1990.pdf.jpg?sequence=4&isAllowed=y
6304,http://digitallibrary.amnh.org/handle/2246/6304?show=full,"Annual report, 1989-1990.",1990,http://digitallibrary.amnh.org/bitstream/handle/2246/6304/R1989.pdf?sequence=1&isAllowed=y,http://digitallibrary.amnh.org/bitstream/handle/2246/6304/R1989.pdf.jpg?sequence=4&isAllowed=y
6303,http://digitallibrary.amnh.org/handle/2246/6303?show=full,"Annual report, 1988-1989.",1989,http://digitallibrary.amnh.org/bitstream/handle/2246/6303/R1988.pdf?sequence=1&isAllowed=y,http://digitallibrary.amnh.org/bitstream/handle/2246/6303/R1988.pdf.jpg?sequence=4&isAllowed=y
6302,http://digitallibrary.amnh.org/handle/2246/6302?show=full,"Annual report, 1987-1988.",1988,http://digitallibrary.amnh.org/bitstream/handle/2246/6302/R1987.pdf?sequence=1&isAllowed=y,http://digitallibrary.amnh.org/bitstream/handle/2246/6302/R1987.pdf.jpg?sequence=4&isAllowed=y
6301,http://digitallibrary.amnh.org/handle/2246/6301?show=full,"Annual report, 1986-1987.",1987,http://digitallibrary.amnh.org/bitstream/handle/2246/6301/R1986.pdf?sequence=1&isAllowed=y,http://digitallibrary.amnh.org/bitstream/handle/2246/6301/R1986.pdf.jpg?sequence=4&isAllowed=y
6300,http://digitallibrary.amnh.org/handle/2246/6300?show=full,"Annual report, 1985-1986.",1986,http://digitallibrary.amnh.org/bitstream/handle/2246/6300/R1985.pdf?sequence=1&isAllowed=y,http://digitallibrary.amnh.org/bitstream/handle/2246/6300/R1985.pdf.jpg?sequence=4&isAllowed=y
6299,http://digitallibrary.amnh.org/handle/2246/6299?show=full,"Annual report, 1984-1985.",1985,http://digitallibrary.amnh.org/bitstream/handle/2246/6299/R1984.pdf?sequence=1&isAllowed=y,http://digitallibrary.amnh.org/bitstream/handle/2246/6299/R1984.pdf.jpg?sequence=4&isAllowed=y
6298,http://digitallibrary.amnh.org/handle/2246/6298?show=full,"Annual report, 1983-1984",1984,http://digitallibrary.amnh.org/bitstream/handle/2246/6298/R1983.pdf?sequence=1&isAllowed=y,http://digitallibrary.amnh.org/bitstream/handle/2246/6298/R1983.pdf.jpg?sequence=4&isAllowed=y
6297,http://digitallibrary.amnh.org/handle/2246/6297?show=full,"Annual report, 1982-1983.",1983,http://digitallibrary.amnh.org/bitstream/handle/2246/6297/R1982.pdf?sequence=1&isAllowed=y,http://digitallibrary.amnh.org/bitstream/handle/2246/6297/R1982.pdf.jpg?sequence=4&isAllowed=y
6296,http://digitallibrary.amnh.org/handle/2246/6296?show=full,"Annual report, 1981-1982.",1982,http://digitallibrary.amnh.org/bitstream/handle/2246/6296/R1981.pdf?sequence=1&isAllowed=y,http://digitallibrary.amnh.org/bitstream/handle/2246/6296/R1981.pdf.jpg?sequence=4&isAllowed=y
6295,http://digitallibrary.amnh.org/handle/2246/6295?show=full,"Annual report, 1980-1981.",1981,http://digitallibrary.amnh.org/bitstream/handle/2246/6295/R1980.pdf?sequence=1&isAllowed=y,http://digitallibrary.amnh.org/bitstream/handle/2246/6295/R1980.pdf.jpg?sequence=4&isAllowed=y
6294,http://digitallibrary.amnh.org/handle/2246/6294?show=full,"Annual report, 1979-1980.",1980,http://digitallibrary.amnh.org/bitstream/handle/2246/6294/R1979.pdf?sequence=1&isAllowed=y,http://digitallibrary.amnh.org/bitstream/handle/2246/6294/R1979.pdf.jpg?sequence=4&isAllowed=y
6318,http://digitallibrary.amnh.org/handle/2246/6318?show=full,"Annual report, 2010.",2011,http://digitallibrary.amnh.org/bitstream/handle/2246/6318/R2010.pdf?sequence=1&isAllowed=y,http://digitallibrary.amnh.org/bitstream/handle/2246/6318/R2010.pdf.jpg?sequence=4&isAllowed=y
6317,http://digitallibrary.amnh.org/handle/2246/6317?show=full,"Annual report, 2009.",2010,http://digitallibrary.amnh.org/bitstream/handle/2246/6317/R2009.pdf?sequence=1&isAllowed=y,http://digitallibrary.amnh.org/bitstream/handle/2246/6317/R2009.pdf.jpg?sequence=4&isAllowed=y
6316,http://digitallibrary.amnh.org/handle/2246/6316?show=full,"Annual report, 2007-2008.",2008,http://digitallibrary.amnh.org/bitstream/handle/2246/6316/R2007.pdf?sequence=1&isAllowed=y,http://digitallibrary.amnh.org/bitstream/handle/2246/6316/R2007.pdf.jpg?sequence=4&isAllowed=y
6315,http://digitallibrary.amnh.org/handle/2246/6315?show=full,"Annual report, 2006.",2007,http://digitallibrary.amnh.org/bitstream/handle/2246/6315/R2006.pdf?sequence=1&isAllowed=y,http://digitallibrary.amnh.org/bitstream/handle/2246/6315/R2006.pdf.jpg?sequence=4&isAllowed=y
6314,http://digitallibrary.amnh.org/handle/2246/6314?show=full,"Annual report, 2001-2003.",2003,http://digitallibrary.amnh.org/bitstream/handle/2246/6314/R2001.pdf?sequence=1&isAllowed=y,http://digitallibrary.amnh.org/bitstream/handle/2246/6314/R2001.pdf.jpg?sequence=4&isAllowed=y
6313,http://digitallibrary.amnh.org/handle/2246/6313?show=full,"Annual report, 2000.",2001,http://digitallibrary.amnh.org/bitstream/handle/2246/6313/R2000.pdf?sequence=1&isAllowed=y,http://digitallibrary.amnh.org/bitstream/handle/2246/6313/R2000.pdf.jpg?sequence=4&isAllowed=y
6312,http://digitallibrary.amnh.org/handle/2246/6312?show=full,"Annual report, 1998-1999.",1999,http://digitallibrary.amnh.org/bitstream/handle/2246/6312/R1998.pdf?sequence=1&isAllowed=y,http://digitallibrary.amnh.org/bitstream/handle/2246/6312/R1998.pdf.jpg?sequence=4&isAllowed=y
6311,http://digitallibrary.amnh.org/handle/2246/6311?show=full,"Annual report, 1997-1998.",1998,http://digitallibrary.amnh.org/bitstream/handle/2246/6311/R1997.pdf?sequence=1&isAllowed=y,http://digitallibrary.amnh.org/bitstream/handle/2246/6311/R1997.pdf.jpg?sequence=4&isAllowed=y
6310,http://digitallibrary.amnh.org/handle/2246/6310?show=full,"Annual report, 1996-1997.",1997,http://digitallibrary.amnh.org/bitstream/handle/2246/6310/R1996.pdf?sequence=1&isAllowed=y,http://digitallibrary.amnh.org/bitstream/handle/2246/6310/R1996.pdf.jpg?sequence=4&isAllowed=y
6309,http://digitallibrary.amnh.org/handle/2246/6309?show=full,"Biennial report, 1994-1995/1995-1996.",1996,http://digitallibrary.amnh.org/bitstream/handle/2246/6309/R1994.pdf?sequence=1&isAllowed=y,http://digitallibrary.amnh.org/bitstream/handle/2246/6309/R1994.pdf.jpg?sequence=4&isAllowed=y
6293,http://digitallibrary.amnh.org/handle/2246/6293?show=full,"Annual report, 1978-1979.",1979,http://digitallibrary.amnh.org/bitstream/handle/2246/6293/R1978.pdf?sequence=1&isAllowed=y,http://digitallibrary.amnh.org/bitstream/handle/2246/6293/R1978.pdf.jpg?sequence=4&isAllowed=y
6292,http://digitallibrary.amnh.org/handle/2246/6292?show=full,"Annual report, 1977-1978.",1978,http://digitallibrary.amnh.org/bitstream/handle/2246/6292/R1977.pdf?sequence=1&isAllowed=y,http://digitallibrary.amnh.org/bitstream/handle/2246/6292/R1977.pdf.jpg?sequence=4&isAllowed=y
6291,http://digitallibrary.amnh.org/handle/2246/6291?show=full,"Annual report, 1976-1977.",1977,http://digitallibrary.amnh.org/bitstream/handle/2246/6291/R1976.pdf?sequence=1&isAllowed=y,http://digitallibrary.amnh.org/bitstream/handle/2246/6291/R1976.pdf.jpg?sequence=4&isAllowed=y
6290,http://digitallibrary.amnh.org/handle/2246/6290?show=full,"Annual report, 1975-1976.",1976,http://digitallibrary.amnh.org/bitstream/handle/2246/6290/R1975.pdf?sequence=1&isAllowed=y,http://digitallibrary.amnh.org/bitstream/handle/2246/6290/R1975.pdf.jpg?sequence=4&isAllowed=y
6289,http://digitallibrary.amnh.org/handle/2246/6289?show=full,"Annual report, 1974-1975.",1975,http://digitallibrary.amnh.org/bitstream/handle/2246/6289/R1974.pdf?sequence=1&isAllowed=y,http://digitallibrary.amnh.org/bitstream/handle/2246/6289/R1974.pdf.jpg?sequence=4&isAllowed=y
6288,http://digitallibrary.amnh.org/handle/2246/6288?show=full,"Annual report, 1973-1974.",1974,http://digitallibrary.amnh.org/bitstream/handle/2246/6288/R1973.pdf?sequence=1&isAllowed=y,http://digitallibrary.amnh.org/bitstream/handle/2246/6288/R1973.pdf.jpg?sequence=4&isAllowed=y
6287,http://digitallibrary.amnh.org/handle/2246/6287?show=full,"Annual report, 1972-1973.",1973,http://digitallibrary.amnh.org/bitstream/handle/2246/6287/R1972.pdf?sequence=1&isAllowed=y,http://digitallibrary.amnh.org/bitstream/handle/2246/6287/R1972.pdf.jpg?sequence=4&isAllowed=y
6286,http://digitallibrary.amnh.org/handle/2246/6286?show=full,"Annual report, 1971.",1972,http://digitallibrary.amnh.org/bitstream/handle/2246/6286/R1971.pdf?sequence=1&isAllowed=y,http://digitallibrary.amnh.org/bitstream/handle/2246/6286/R1971.pdf.jpg?sequence=4&isAllowed=y
6285,http://digitallibrary.amnh.org/handle/2246/6285?show=full,"Annual report, 1970.",1971,http://digitallibrary.amnh.org/bitstream/handle/2246/6285/R1970.pdf?sequence=1&isAllowed=y,http://digitallibrary.amnh.org/bitstream/handle/2246/6285/R1970.pdf.jpg?sequence=4&isAllowed=y
6284,http://digitallibrary.amnh.org/handle/2246/6284?show=full,"Annual report, 1969.",1970,http://digitallibrary.amnh.org/bitstream/handle/2246/6284/R1969.pdf?sequence=1&isAllowed=y,http://digitallibrary.amnh.org/bitstream/handle/2246/6284/R1969.pdf.jpg?sequence=4&isAllowed=y
6283,http://digitallibrary.amnh.org/handle/2246/6283?show=full,"Annual report, 1968.",1969,http://digitallibrary.amnh.org/bitstream/handle/2246/6283/R1968.pdf?sequence=1&isAllowed=y,http://digitallibrary.amnh.org/bitstream/handle/2246/6283/R1968.pdf.jpg?sequence=4&isAllowed=y
6282,http://digitallibrary.amnh.org/handle/2246/6282?show=full,"Annual report, 1967.",1968,http://digitallibrary.amnh.org/bitstream/handle/2246/6282/R1967.pdf?sequence=1&isAllowed=y,http://digitallibrary.amnh.org/bitstream/handle/2246/6282/R1967.pdf.jpg?sequence=4&isAllowed=y
6281,http://digitallibrary.amnh.org/handle/2246/6281?show=full,"Annual report, 1966.",1967,http://digitallibrary.amnh.org/bitstream/handle/2246/6281/R1966.pdf?sequence=1&isAllowed=y,http://digitallibrary.amnh.org/bitstream/handle/2246/6281/R1966.pdf.jpg?sequence=4&isAllowed=y
6280,http://digitallibrary.amnh.org/handle/2246/6280?show=full,"Annual report, 1965.",1966,http://digitallibrary.amnh.org/bitstream/handle/2246/6280/R1965.pdf?sequence=1&isAllowed=y,http://digitallibrary.amnh.org/bitstream/handle/2246/6280/R1965.pdf.jpg?sequence=4&isAllowed=y
6279,http://digitallibrary.amnh.org/handle/2246/6279?show=full,"Annual report, 1964.",1965,http://digitallibrary.amnh.org/bitstream/handle/2246/6279/R1964.pdf?sequence=1&isAllowed=y,http://digitallibrary.amnh.org/bitstream/handle/2246/6279/R1964.pdf.jpg?sequence=4&isAllowed=y
6278,http://digitallibrary.amnh.org/handle/2246/6278?show=full,"Annual report, 1963.",1964,http://digitallibrary.amnh.org/bitstream/handle/2246/6278/R1963.pdf?sequence=1&isAllowed=y,http://digitallibrary.amnh.org/bitstream/handle/2246/6278/R1963.pdf.jpg?sequence=4&isAllowed=y
6277,http://digitallibrary.amnh.org/handle/2246/6277?show=full,"Annual report, 1962.",1963,http://digitallibrary.amnh.org/bitstream/handle/2246/6277/R1962.pdf?sequence=1&isAllowed=y,http://digitallibrary.amnh.org/bitstream/handle/2246/6277/R1962.pdf.jpg?sequence=4&isAllowed=y
6276,http://digitallibrary.amnh.org/handle/2246/6276?show=full,"Annual report, 1961.",1962,http://digitallibrary.amnh.org/bitstream/handle/2246/6276/R1961.pdf?sequence=1&isAllowed=y,http://digitallibrary.amnh.org/bitstream/handle/2246/6276/R1961.pdf.jpg?sequence=4&isAllowed=y
6275,http://digitallibrary.amnh.org/handle/2246/6275?show=full,"Annual report, 1960.",1961,http://digitallibrary.amnh.org/bitstream/handle/2246/6275/R1960.pdf?sequence=1&isAllowed=y,http://digitallibrary.amnh.org/bitstream/handle/2246/6275/R1960.pdf.jpg?sequence=4&isAllowed=y
6274,http://digitallibrary.amnh.org/handle/2246/6274?show=full,"Annual report, 1959.",1959,http://digitallibrary.amnh.org/bitstream/handle/2246/6274/R1959.pdf?sequence=1&isAllowed=y,http://digitallibrary.amnh.org/bitstream/handle/2246/6274/R1959.pdf.jpg?sequence=4&isAllowed=y
6273,http://digitallibrary.amnh.org/handle/2246/6273?show=full,"Annual report, 1958.",1959,http://digitallibrary.amnh.org/bitstream/handle/2246/6273/R1958.pdf?sequence=1&isAllowed=y,http://digitallibrary.amnh.org/bitstream/handle/2246/6273/R1958.pdf.jpg?sequence=4&isAllowed=y
6272,http://digitallibrary.amnh.org/handle/2246/6272?show=full,"Annual report, 1957.",1958,http://digitallibrary.amnh.org/bitstream/handle/2246/6272/R1957.pdf?sequence=1&isAllowed=y,http://digitallibrary.amnh.org/bitstream/handle/2246/6272/R1957.pdf.jpg?sequence=4&isAllowed=y
6271,http://digitallibrary.amnh.org/handle/2246/6271?show=full,"Annual report, 1956.",1957,http://digitallibrary.amnh.org/bitstream/handle/2246/6271/R1956.pdf?sequence=1&isAllowed=y,http://digitallibrary.amnh.org/bitstream/handle/2246/6271/R1956.pdf.jpg?sequence=4&isAllowed=y
6270,http://digitallibrary.amnh.org/handle/2246/6270?show=full,"Annual report, 1955.",1956,http://digitallibrary.amnh.org/bitstream/handle/2246/6270/R1955.pdf?sequence=1&isAllowed=y,http://digitallibrary.amnh.org/bitstream/handle/2246/6270/R1955.pdf.jpg?sequence=4&isAllowed=y
6269,http://digitallibrary.amnh.org/handle/2246/6269?show=full,"Annual report, 1954.",1955,http://digitallibrary.amnh.org/bitstream/handle/2246/6269/R1954.pdf?sequence=1&isAllowed=y,http://digitallibrary.amnh.org/bitstream/handle/2246/6269/R1954.pdf.jpg?sequence=4&isAllowed=y
6268,http://digitallibrary.amnh.org/handle/2246/6268?show=full,"Annual report, 1953.",1954,http://digitallibrary.amnh.org/bitstream/handle/2246/6268/R1953.pdf?sequence=5&isAllowed=y,http://digitallibrary.amnh.org/bitstream/handle/2246/6268/R1953.pdf.jpg?sequence=4&isAllowed=y
6267,http://digitallibrary.amnh.org/handle/2246/6267?show=full,"Annual report, 1952.",1953,http://digitallibrary.amnh.org/bitstream/handle/2246/6267/R1952.pdf?sequence=1&isAllowed=y,http://digitallibrary.amnh.org/bitstream/handle/2246/6267/R1952.pdf.jpg?sequence=4&isAllowed=y
6266,http://digitallibrary.amnh.org/handle/2246/6266?show=full,"Annual report, 1951.",1952,http://digitallibrary.amnh.org/bitstream/handle/2246/6266/R1951.pdf?sequence=1&isAllowed=y,http://digitallibrary.amnh.org/bitstream/handle/2246/6266/R1951.pdf.jpg?sequence=4&isAllowed=y
6260,http://digitallibrary.amnh.org/handle/2246/6260?show=full,"Annual report, 1945.",1946,http://digitallibrary.amnh.org/bitstream/handle/2246/6260/R1945.pdf?sequence=1&isAllowed=y,http://digitallibrary.amnh.org/bitstream/handle/2246/6260/R1945.pdf.jpg?sequence=4&isAllowed=y
6259,http://digitallibrary.amnh.org/handle/2246/6259?show=full,"Annual report, 1944.",1945-05-01,http://digitallibrary.amnh.org/bitstream/handle/2246/6259/R1944.pdf?sequence=1&isAllowed=y,http://digitallibrary.amnh.org/bitstream/handle/2246/6259/R1944.pdf.jpg?sequence=4&isAllowed=y
6258,http://digitallibrary.amnh.org/handle/2246/6258?show=full,"Annual report, 1943.",1944-05-01,http://digitallibrary.amnh.org/bitstream/handle/2246/6258/R1943.pdf?sequence=1&isAllowed=y,http://digitallibrary.amnh.org/bitstream/handle/2246/6258/R1943.pdf.jpg?sequence=4&isAllowed=y
6257,http://digitallibrary.amnh.org/handle/2246/6257?show=full,"Annual report, 1942.",1943-05-01,http://digitallibrary.amnh.org/bitstream/handle/2246/6257/R1942.pdf?sequence=1&isAllowed=y,http://digitallibrary.amnh.org/bitstream/handle/2246/6257/R1942.pdf.jpg?sequence=4&isAllowed=y
6256,http://digitallibrary.amnh.org/handle/2246/6256?show=full,"Annual report, 1941.",1942-05-01,http://digitallibrary.amnh.org/bitstream/handle/2246/6256/R1941.pdf?sequence=1&isAllowed=y,http://digitallibrary.amnh.org/bitstream/handle/2246/6256/R1941.pdf.jpg?sequence=4&isAllowed=y
6255,http://digitallibrary.amnh.org/handle/2246/6255?show=full,"Annual report, 1940.",1941-05-01,http://digitallibrary.amnh.org/bitstream/handle/2246/6255/R1940.pdf?sequence=1&isAllowed=y,http://digitallibrary.amnh.org/bitstream/handle/2246/6255/R1940.pdf.jpg?sequence=4&isAllowed=y
6254,http://digitallibrary.amnh.org/handle/2246/6254?show=full,"Annual report, 1939.",1940-05-01,http://digitallibrary.amnh.org/bitstream/handle/2246/6254/R1939.pdf?sequence=1&isAllowed=y,http://digitallibrary.amnh.org/bitstream/handle/2246/6254/R1939.pdf.jpg?sequence=4&isAllowed=y
6253,http://digitallibrary.amnh.org/handle/2246/6253?show=full,"Annual report, 1938.",1939-05-01,http://digitallibrary.amnh.org/bitstream/handle/2246/6253/R1938.pdf?sequence=1&isAllowed=y,http://digitallibrary.amnh.org/bitstream/handle/2246/6253/R1938.pdf.jpg?sequence=4&isAllowed=y
6252,http://digitallibrary.amnh.org/handle/2246/6252?show=full,"Annual report, 1937.",1938-05-01,http://digitallibrary.amnh.org/bitstream/handle/2246/6252/R1937.pdf?sequence=1&isAllowed=y,http://digitallibrary.amnh.org/bitstream/handle/2246/6252/R1937.pdf.jpg?sequence=4&isAllowed=y
6251,http://digitallibrary.amnh.org/handle/2246/6251?show=full,"Annual report, 1936.",1937-05-01,http://digitallibrary.amnh.org/bitstream/handle/2246/6251/R1936.pdf?sequence=1&isAllowed=y,http://digitallibrary.amnh.org/bitstream/handle/2246/6251/R1936.pdf.jpg?sequence=4&isAllowed=y
6250,http://digitallibrary.amnh.org/handle/2246/6250?show=full,"Annual report, 1935.",1936-05-01,http://digitallibrary.amnh.org/bitstream/handle/2246/6250/R1935.pdf?sequence=1&isAllowed=y,http://digitallibrary.amnh.org/bitstream/handle/2246/6250/R1935.pdf.jpg?sequence=4&isAllowed=y
6249,http://digitallibrary.amnh.org/handle/2246/6249?show=full,"Annual report, 1934.",1935-05-01,http://digitallibrary.amnh.org/bitstream/handle/2246/6249/R1934.pdf?sequence=1&isAllowed=y,http://digitallibrary.amnh.org/bitstream/handle/2246/6249/R1934.pdf.jpg?sequence=4&isAllowed=y
6248,http://digitallibrary.amnh.org/handle/2246/6248?show=full,"Annual report, 1933.",1934-05-01,http://digitallibrary.amnh.org/bitstream/handle/2246/6248/R1933.pdf?sequence=1&isAllowed=y,http://digitallibrary.amnh.org/bitstream/handle/2246/6248/R1933.pdf.jpg?sequence=4&isAllowed=y
6247,http://digitallibrary.amnh.org/handle/2246/6247?show=full,"Annual report, 1932.",1933-05-01,http://digitallibrary.amnh.org/bitstream/handle/2246/6247/R1932.pdf?sequence=1&isAllowed=y,http://digitallibrary.amnh.org/bitstream/handle/2246/6247/R1932.pdf.jpg?sequence=4&isAllowed=y
6246,http://digitallibrary.amnh.org/handle/2246/6246?show=full,"Annual report, 1931.",1932-05-01,http://digitallibrary.amnh.org/bitstream/handle/2246/6246/R1931.pdf?sequence=1&isAllowed=y,http://digitallibrary.amnh.org/bitstream/handle/2246/6246/R1931.pdf.jpg?sequence=4&isAllowed=y
6245,http://digitallibrary.amnh.org/handle/2246/6245?show=full,"Annual report, 1930.",1931-05-01,http://digitallibrary.amnh.org/bitstream/handle/2246/6245/R1930.pdf?sequence=1&isAllowed=y,http://digitallibrary.amnh.org/bitstream/handle/2246/6245/R1930.pdf.jpg?sequence=4&isAllowed=y
6244,http://digitallibrary.amnh.org/handle/2246/6244?show=full,"Annual report, 1929.",1930-05-01,http://digitallibrary.amnh.org/bitstream/handle/2246/6244/R1929.pdf?sequence=1&isAllowed=y,http://digitallibrary.amnh.org/bitstream/handle/2246/6244/R1929.pdf.jpg?sequence=4&isAllowed=y
6243,http://digitallibrary.amnh.org/handle/2246/6243?show=full,"Annual report, 1928.",1929-05-01,http://digitallibrary.amnh.org/bitstream/handle/2246/6243/R1928.pdf?sequence=1&isAllowed=y,http://digitallibrary.amnh.org/bitstream/handle/2246/6243/R1928.pdf.jpg?sequence=4&isAllowed=y
6242,http://digitallibrary.amnh.org/handle/2246/6242?show=full,"Annual report, 1927.",1928-05-01,http://digitallibrary.amnh.org/bitstream/handle/2246/6242/R1927.pdf?sequence=1&isAllowed=y,http://digitallibrary.amnh.org/bitstream/handle/2246/6242/R1927.pdf.jpg?sequence=4&isAllowed=y
6241,http://digitallibrary.amnh.org/handle/2246/6241?show=full,"Annual report, 1926.",1927-05-01,http://digitallibrary.amnh.org/bitstream/handle/2246/6241/R1926.pdf?sequence=1&isAllowed=y,http://digitallibrary.amnh.org/bitstream/handle/2246/6241/R1926.pdf.jpg?sequence=4&isAllowed=y
6265,http://digitallibrary.amnh.org/handle/2246/6265?show=full,"Annual report, 1950.",1951,http://digitallibrary.amnh.org/bitstream/handle/2246/6265/R1950.pdf?sequence=1&isAllowed=y,http://digitallibrary.amnh.org/bitstream/handle/2246/6265/R1950.pdf.jpg?sequence=4&isAllowed=y
6264,http://digitallibrary.amnh.org/handle/2246/6264?show=full,"Annual report, 1949.",1950,http://digitallibrary.amnh.org/bitstream/handle/2246/6264/R1949.pdf?sequence=1&isAllowed=y,http://digitallibrary.amnh.org/bitstream/handle/2246/6264/R1949.pdf.jpg?sequence=4&isAllowed=y
6263,http://digitallibrary.amnh.org/handle/2246/6263?show=full,"Annual report, 1948.",1949,http://digitallibrary.amnh.org/bitstream/handle/2246/6263/R1948.pdf?sequence=1&isAllowed=y,http://digitallibrary.amnh.org/bitstream/handle/2246/6263/R1948.pdf.jpg?sequence=4&isAllowed=y
6262,http://digitallibrary.amnh.org/handle/2246/6262?show=full,"Annual report, 1947.",1948,http://digitallibrary.amnh.org/bitstream/handle/2246/6262/R1947.pdf?sequence=1&isAllowed=y,http://digitallibrary.amnh.org/bitstream/handle/2246/6262/R1947.pdf.jpg?sequence=4&isAllowed=y
6261,http://digitallibrary.amnh.org/handle/2246/6261?show=full,"Annual report, 1946.",1947,http://digitallibrary.amnh.org/bitstream/handle/2246/6261/R1946.pdf?sequence=1&isAllowed=y,http://digitallibrary.amnh.org/bitstream/handle/2246/6261/R1946.pdf.jpg?sequence=4&isAllowed=y
6239,http://digitallibrary.amnh.org/handle/2246/6239?show=full,"Annual report, 1925.",1926-05-01,http://digitallibrary.amnh.org/bitstream/handle/2246/6239/R1925.pdf?sequence=1&isAllowed=y,http://digitallibrary.amnh.org/bitstream/handle/2246/6239/R1925.pdf.jpg?sequence=4&isAllowed=y
6238,http://digitallibrary.amnh.org/handle/2246/6238?show=full,"Annual report, 1924.",1925-05-01,http://digitallibrary.amnh.org/bitstream/handle/2246/6238/R1924.pdf?sequence=1&isAllowed=y,http://digitallibrary.amnh.org/bitstream/handle/2246/6238/R1924.pdf.jpg?sequence=4&isAllowed=y
6237,http://digitallibrary.amnh.org/handle/2246/6237?show=full,"Annual report, 1923.",1924-07-15,http://digitallibrary.amnh.org/bitstream/handle/2246/6237/R1923.pdf?sequence=1&isAllowed=y,http://digitallibrary.amnh.org/bitstream/handle/2246/6237/R1923.pdf.jpg?sequence=4&isAllowed=y
6236,http://digitallibrary.amnh.org/handle/2246/6236?show=full,"Annual report, 1922.",1923-05-01,http://digitallibrary.amnh.org/bitstream/handle/2246/6236/R1922.pdf?sequence=1&isAllowed=y,http://digitallibrary.amnh.org/bitstream/handle/2246/6236/R1922.pdf.jpg?sequence=4&isAllowed=y
6235,http://digitallibrary.amnh.org/handle/2246/6235?show=full,"Annual report, 1921.",1922,http://digitallibrary.amnh.org/bitstream/handle/2246/6235/R1921.pdf?sequence=1&isAllowed=y,http://digitallibrary.amnh.org/bitstream/handle/2246/6235/R1921.pdf.jpg?sequence=4&isAllowed=y
6234,http://digitallibrary.amnh.org/handle/2246/6234?show=full,"Annual report, 1920.",1921-05-01,http://digitallibrary.amnh.org/bitstream/handle/2246/6234/R1920.pdf?sequence=1&isAllowed=y,http://digitallibrary.amnh.org/bitstream/handle/2246/6234/R1920.pdf.jpg?sequence=4&isAllowed=y
6233,http://digitallibrary.amnh.org/handle/2246/6233?show=full,"Annual report, 1919.",1920-05-01,http://digitallibrary.amnh.org/bitstream/handle/2246/6233/R1919.pdf?sequence=1&isAllowed=y,http://digitallibrary.amnh.org/bitstream/handle/2246/6233/R1919.pdf.jpg?sequence=4&isAllowed=y
6232,http://digitallibrary.amnh.org/handle/2246/6232?show=full,"Annual report, 1918.",1919-05-01,http://digitallibrary.amnh.org/bitstream/handle/2246/6232/R1918.pdf?sequence=1&isAllowed=y,http://digitallibrary.amnh.org/bitstream/handle/2246/6232/R1918.pdf.jpg?sequence=4&isAllowed=y
6231,http://digitallibrary.amnh.org/handle/2246/6231?show=full,"Annual report, 1917.",1918-05-01,http://digitallibrary.amnh.org/bitstream/handle/2246/6231/R1917.pdf?sequence=1&isAllowed=y,http://digitallibrary.amnh.org/bitstream/handle/2246/6231/R1917.pdf.jpg?sequence=4&isAllowed=y
6230,http://digitallibrary.amnh.org/handle/2246/6230?show=full,"Annual report, 1916.",1917-05-01,http://digitallibrary.amnh.org/bitstream/handle/2246/6230/R1916.pdf?sequence=1&isAllowed=y,http://digitallibrary.amnh.org/bitstream/handle/2246/6230/R1916.pdf.jpg?sequence=4&isAllowed=y
6229,http://digitallibrary.amnh.org/handle/2246/6229?show=full,"Annual report, 1915.",1916-02-07,http://digitallibrary.amnh.org/bitstream/handle/2246/6229/R1915.pdf?sequence=1&isAllowed=y,http://digitallibrary.amnh.org/bitstream/handle/2246/6229/R1915.pdf.jpg?sequence=4&isAllowed=y
6228,http://digitallibrary.amnh.org/handle/2246/6228?show=full,"Annual report, 1914.",1915-02-01,http://digitallibrary.amnh.org/bitstream/handle/2246/6228/R1914.pdf?sequence=1&isAllowed=y,http://digitallibrary.amnh.org/bitstream/handle/2246/6228/R1914.pdf.jpg?sequence=4&isAllowed=y
6227,http://digitallibrary.amnh.org/handle/2246/6227?show=full,"Annual report, 1913.",1914-02-02,http://digitallibrary.amnh.org/bitstream/handle/2246/6227/R1913.pdf?sequence=1&isAllowed=y,http://digitallibrary.amnh.org/bitstream/handle/2246/6227/R1913.pdf.jpg?sequence=4&isAllowed=y
6226,http://digitallibrary.amnh.org/handle/2246/6226?show=full,"Annual report, 1912.",1913-02-03,http://digitallibrary.amnh.org/bitstream/handle/2246/6226/R1912.pdf?sequence=1&isAllowed=y,http://digitallibrary.amnh.org/bitstream/handle/2246/6226/R1912.pdf.jpg?sequence=4&isAllowed=y
6207,http://digitallibrary.amnh.org/handle/2246/6207?show=full,"Annual report, 1892.",1893,http://digitallibrary.amnh.org/bitstream/handle/2246/6207/R1892.pdf?sequence=1&isAllowed=y,http://digitallibrary.amnh.org/bitstream/handle/2246/6207/R1892.pdf.jpg?sequence=4&isAllowed=y
6206,http://digitallibrary.amnh.org/handle/2246/6206?show=full,"Annual report, 1891.",1892,http://digitallibrary.amnh.org/bitstream/handle/2246/6206/R1891.pdf?sequence=1&isAllowed=y,http://digitallibrary.amnh.org/bitstream/handle/2246/6206/R1891.pdf.jpg?sequence=4&isAllowed=y
6205,http://digitallibrary.amnh.org/handle/2246/6205?show=full,"Annual report, 1890-1891.",1891,http://digitallibrary.amnh.org/bitstream/handle/2246/6205/R1890.pdf?sequence=1&isAllowed=y,http://digitallibrary.amnh.org/bitstream/handle/2246/6205/R1890.pdf.jpg?sequence=4&isAllowed=y
6204,http://digitallibrary.amnh.org/handle/2246/6204?show=full,"Annual report, 1889-1890.",1890,http://digitallibrary.amnh.org/bitstream/handle/2246/6204/R1889.pdf?sequence=1&isAllowed=y,http://digitallibrary.amnh.org/bitstream/handle/2246/6204/R1889.pdf.jpg?sequence=4&isAllowed=y
6203,http://digitallibrary.amnh.org/handle/2246/6203?show=full,"Annual report, 1888-1889.",1889,http://digitallibrary.amnh.org/bitstream/handle/2246/6203/R1888.pdf?sequence=1&isAllowed=y,http://digitallibrary.amnh.org/bitstream/handle/2246/6203/R1888.pdf.jpg?sequence=4&isAllowed=y
6202,http://digitallibrary.amnh.org/handle/2246/6202?show=full,"Annual report, 1887-1888.",1888,http://digitallibrary.amnh.org/bitstream/handle/2246/6202/R1887.pdf?sequence=1&isAllowed=y,http://digitallibrary.amnh.org/bitstream/handle/2246/6202/R1887.pdf.jpg?sequence=4&isAllowed=y
6201,http://digitallibrary.amnh.org/handle/2246/6201?show=full,"Annual report, 1886-1887.",1887,http://digitallibrary.amnh.org/bitstream/handle/2246/6201/R1886.pdf?sequence=1&isAllowed=y,http://digitallibrary.amnh.org/bitstream/handle/2246/6201/R1886.pdf.jpg?sequence=4&isAllowed=y
6200,http://digitallibrary.amnh.org/handle/2246/6200?show=full,"Annual report, 1885-1886",1886,http://digitallibrary.amnh.org/bitstream/handle/2246/6200/R1885.pdf?sequence=1&isAllowed=y,http://digitallibrary.amnh.org/bitstream/handle/2246/6200/R1885.pdf.jpg?sequence=4&isAllowed=y
6199,http://digitallibrary.amnh.org/handle/2246/6199?show=full,"Annual report, 1884-1885.",1885,http://digitallibrary.amnh.org/bitstream/handle/2246/6199/R1884a.pdf?sequence=1&isAllowed=y,http://digitallibrary.amnh.org/bitstream/handle/2246/6199/R1884a.pdf.jpg?sequence=4&isAllowed=y
6198,http://digitallibrary.amnh.org/handle/2246/6198?show=full,"Annual report, 1883.",1884-03,http://digitallibrary.amnh.org/bitstream/handle/2246/6198/R1884.pdf?sequence=1&isAllowed=y,http://digitallibrary.amnh.org/bitstream/handle/2246/6198/R1884.pdf.jpg?sequence=4&isAllowed=y
6197,http://digitallibrary.amnh.org/handle/2246/6197?show=full,"Annual report, 1882.",1883-05-01,http://digitallibrary.amnh.org/bitstream/handle/2246/6197/R1883.pdf?sequence=1&isAllowed=y,http://digitallibrary.amnh.org/bitstream/handle/2246/6197/R1883.pdf.jpg?sequence=4&isAllowed=y
6196,http://digitallibrary.amnh.org/handle/2246/6196?show=full,"Annual report, 1881.",1882-02-15,http://digitallibrary.amnh.org/bitstream/handle/2246/6196/R1882.pdf?sequence=1&isAllowed=y,http://digitallibrary.amnh.org/bitstream/handle/2246/6196/R1882.pdf.jpg?sequence=4&isAllowed=y
6195,http://digitallibrary.amnh.org/handle/2246/6195?show=full,"Annual report, 1880.",1881-02-15,http://digitallibrary.amnh.org/bitstream/handle/2246/6195/R1881.pdf?sequence=1&isAllowed=y,http://digitallibrary.amnh.org/bitstream/handle/2246/6195/R1881.pdf.jpg?sequence=4&isAllowed=y
6194,http://digitallibrary.amnh.org/handle/2246/6194?show=full,"Annual report, 1879.",1880-02-10,http://digitallibrary.amnh.org/bitstream/handle/2246/6194/R1880.pdf?sequence=1&isAllowed=y,http://digitallibrary.amnh.org/bitstream/handle/2246/6194/R1880.pdf.jpg?sequence=4&isAllowed=y
6193,http://digitallibrary.amnh.org/handle/2246/6193?show=full,"Annual report, 1878.",1879-01-01,http://digitallibrary.amnh.org/bitstream/handle/2246/6193/R1879.pdf?sequence=1&isAllowed=y,http://digitallibrary.amnh.org/bitstream/handle/2246/6193/R1879.pdf.jpg?sequence=4&isAllowed=y
6192,http://digitallibrary.amnh.org/handle/2246/6192?show=full,"Annual report, 1876-1877.",1878-01-01,http://digitallibrary.amnh.org/bitstream/handle/2246/6192/R1878.pdf?sequence=1&isAllowed=y,http://digitallibrary.amnh.org/bitstream/handle/2246/6192/R1878.pdf.jpg?sequence=4&isAllowed=y
6191,http://digitallibrary.amnh.org/handle/2246/6191?show=full,"Annual report, 1875.",1875-12-01,http://digitallibrary.amnh.org/bitstream/handle/2246/6191/R1875.pdf?sequence=1&isAllowed=y,http://digitallibrary.amnh.org/bitstream/handle/2246/6191/R1875.pdf.jpg?sequence=4&isAllowed=y
6190,http://digitallibrary.amnh.org/handle/2246/6190?show=full,"Annual Report, 1873-1874.",1874-12-01,http://digitallibrary.amnh.org/bitstream/handle/2246/6190/R1874.pdf?sequence=1&isAllowed=y,http://digitallibrary.amnh.org/bitstream/handle/2246/6190/R1874.pdf.jpg?sequence=4&isAllowed=y
6189,http://digitallibrary.amnh.org/handle/2246/6189?show=full,"Annual Report, 1869.",1870-01,http://digitallibrary.amnh.org/bitstream/handle/2246/6189/R1870.pdf?sequence=1&isAllowed=y,http://digitallibrary.amnh.org/bitstream/handle/2246/6189/R1870.pdf.jpg?sequence=4&isAllowed=y
6188,http://digitallibrary.amnh.org/handle/2246/6188?show=full,"Annual Report, 1871-1872.",1872-11,http://digitallibrary.amnh.org/bitstream/handle/2246/6188/R1872.pdf?sequence=1&isAllowed=y,http://digitallibrary.amnh.org/bitstream/handle/2246/6188/R1872.pdf.jpg?sequence=4&isAllowed=y
6187,http://digitallibrary.amnh.org/handle/2246/6187?show=full,"Annual Report, 1870.",1871-01,http://digitallibrary.amnh.org/bitstream/handle/2246/6187/R1871.pdf?sequence=1&isAllowed=y,http://digitallibrary.amnh.org/bitstream/handle/2246/6187/R1871.pdf.jpg?sequence=4&isAllowed=y
6225,http://digitallibrary.amnh.org/handle/2246/6225?show=full,"Annual report, 1911.",1912-02-05,http://digitallibrary.amnh.org/bitstream/handle/2246/6225/R1911.pdf?sequence=1&isAllowed=y,http://digitallibrary.amnh.org/bitstream/handle/2246/6225/R1911.pdf.jpg?sequence=4&isAllowed=y
6224,http://digitallibrary.amnh.org/handle/2246/6224?show=full,"Annual report, 1910.",1911-02-13,http://digitallibrary.amnh.org/bitstream/handle/2246/6224/R1910.pdf?sequence=3&isAllowed=y,http://digitallibrary.amnh.org/bitstream/handle/2246/6224/R1910.pdf.jpg?sequence=5&isAllowed=y
6223,http://digitallibrary.amnh.org/handle/2246/6223?show=full,"Annual report, 1908.",1909-05-01,http://digitallibrary.amnh.org/bitstream/handle/2246/6223/R1908.pdf?sequence=1&isAllowed=y,http://digitallibrary.amnh.org/bitstream/handle/2246/6223/R1908.pdf.jpg?sequence=4&isAllowed=y
6222,http://digitallibrary.amnh.org/handle/2246/6222?show=full,"Annual report, 1907.",1908,http://digitallibrary.amnh.org/bitstream/handle/2246/6222/R1907.pdf?sequence=1&isAllowed=y,http://digitallibrary.amnh.org/bitstream/handle/2246/6222/R1907.pdf.jpg?sequence=4&isAllowed=y
6221,http://digitallibrary.amnh.org/handle/2246/6221?show=full,"Annual report, 1906.",1907,http://digitallibrary.amnh.org/bitstream/handle/2246/6221/R1906.pdf?sequence=1&isAllowed=y,http://digitallibrary.amnh.org/bitstream/handle/2246/6221/R1906.pdf.jpg?sequence=4&isAllowed=y
6220,http://digitallibrary.amnh.org/handle/2246/6220?show=full,"Annual report, 1905.",1906,http://digitallibrary.amnh.org/bitstream/handle/2246/6220/R1905.pdf?sequence=1&isAllowed=y,http://digitallibrary.amnh.org/bitstream/handle/2246/6220/R1905.pdf.jpg?sequence=4&isAllowed=y
6219,http://digitallibrary.amnh.org/handle/2246/6219?show=full,"Annual report, 1904.",1905,http://digitallibrary.amnh.org/bitstream/handle/2246/6219/R1904.pdf?sequence=1&isAllowed=y,http://digitallibrary.amnh.org/bitstream/handle/2246/6219/R1904.pdf.jpg?sequence=4&isAllowed=y
6218,http://digitallibrary.amnh.org/handle/2246/6218?show=full,"Annual report, 1903.",1904,http://digitallibrary.amnh.org/bitstream/handle/2246/6218/R1903.pdf?sequence=1&isAllowed=y,http://digitallibrary.amnh.org/bitstream/handle/2246/6218/R1903.pdf.jpg?sequence=4&isAllowed=y
6217,http://digitallibrary.amnh.org/handle/2246/6217?show=full,"Annual report, 1902.",1903,http://digitallibrary.amnh.org/bitstream/handle/2246/6217/R1902.pdf?sequence=1&isAllowed=y,http://digitallibrary.amnh.org/bitstream/handle/2246/6217/R1902.pdf.jpg?sequence=4&isAllowed=y
6216,http://digitallibrary.amnh.org/handle/2246/6216?show=full,"Annual report, 1901.",1902,http://digitallibrary.amnh.org/bitstream/handle/2246/6216/R1901.pdf?sequence=1&isAllowed=y,http://digitallibrary.amnh.org/bitstream/handle/2246/6216/R1901.pdf.jpg?sequence=4&isAllowed=y
6215,http://digitallibrary.amnh.org/handle/2246/6215?show=full,"Annual report, 1900.",1901,http://digitallibrary.amnh.org/bitstream/handle/2246/6215/R1900.pdf?sequence=1&isAllowed=y,http://digitallibrary.amnh.org/bitstream/handle/2246/6215/R1900.pdf.jpg?sequence=4&isAllowed=y
6214,http://digitallibrary.amnh.org/handle/2246/6214?show=full,"Annual report, 1899.",1900,http://digitallibrary.amnh.org/bitstream/handle/2246/6214/R1899.pdf?sequence=1&isAllowed=y,http://digitallibrary.amnh.org/bitstream/handle/2246/6214/R1899.pdf.jpg?sequence=4&isAllowed=y
6213,http://digitallibrary.amnh.org/handle/2246/6213?show=full,"Annual report, 1898.",1899,http://digitallibrary.amnh.org/bitstream/handle/2246/6213/R1898.pdf?sequence=1&isAllowed=y,http://digitallibrary.amnh.org/bitstream/handle/2246/6213/R1898.pdf.jpg?sequence=4&isAllowed=y
6212,http://digitallibrary.amnh.org/handle/2246/6212?show=full,"Annual report, 1897.",1898,http://digitallibrary.amnh.org/bitstream/handle/2246/6212/R1897.pdf?sequence=1&isAllowed=y,http://digitallibrary.amnh.org/bitstream/handle/2246/6212/R1897.pdf.jpg?sequence=4&isAllowed=y
6211,http://digitallibrary.amnh.org/handle/2246/6211?show=full,"Annual report, 1896.",1897,http://digitallibrary.amnh.org/bitstream/handle/2246/6211/R1896.pdf?sequence=1&isAllowed=y,http://digitallibrary.amnh.org/bitstream/handle/2246/6211/R1896.pdf.jpg?sequence=4&isAllowed=y
6210,http://digitallibrary.amnh.org/handle/2246/6210?show=full,"Annual report, 1895.",1896,http://digitallibrary.amnh.org/bitstream/handle/2246/6210/R1895.pdf?sequence=1&isAllowed=y,http://digitallibrary.amnh.org/bitstream/handle/2246/6210/R1895.pdf.jpg?sequence=4&isAllowed=y
6209,http://digitallibrary.amnh.org/handle/2246/6209?show=full,"Annual report, 1894.",1895,http://digitallibrary.amnh.org/bitstream/handle/2246/6209/R1894.pdf?sequence=1&isAllowed=y,http://digitallibrary.amnh.org/bitstream/handle/2246/6209/R1894.pdf.jpg?sequence=4&isAllowed=y
6208,http://digitallibrary.amnh.org/handle/2246/6208?show=full,"Annual report, 1893.",1894,http://digitallibrary.amnh.org/bitstream/handle/2246/6208/R1893.pdf?sequence=1&isAllowed=y,http://digitallibrary.amnh.org/bitstream/handle/2246/6208/R1893.pdf.jpg?sequence=4&isAllowed=y
